Sample rate,Time,HR (bpm),Speed (mi/h),Pace (min/mi),Cadence,Altitude (ft),Stride length (in),Distances (ft),Temperatures (F),Power (W),
1,00:00:00,92,,,,,,,,,
,00:00:01,91,,,,,,,,,
,00:00:02,91,,,,,,,,,
,00:00:03,87,,,,,,,,,
,00:00:04,87,,,,,,,,,
,00:00:05,82,,,,,,,,,
,00:00:06,82,,,,,,,,,
,00:00:07,82,,,,,,,,,
,00:00:08,73,,,,,,,,,
,00:00:09,75,,,,,,,,,
,00:00:10,76,,,,,,,,,
,00:00:11,78,,,,,,,,,
,00:00:12,80,,,,,,,,,
,00:00:13,80,,,,,,,,,
,00:00:14,79,,,,,,,,,
,00:00:15,79,,,,,,,,,
,00:00:16,75,,,,,,,,,
,00:00:17,70,,,,,,,,,
,00:00:18,70,,,,,,,,,
,00:00:19,66,,,,,,,,,
,00:00:20,66,,,,,,,,,
,00:00:21,66,,,,,,,,,
,00:00:22,66,,,,,,,,,
,00:00:23,66,,,,,,,,,
,00:00:24,68,,,,,,,,,
,00:00:25,69,,,,,,,,,
,00:00:26,70,,,,,,,,,
,00:00:27,72,,,,,,,,,
,00:00:28,76,,,,,,,,,
,00:00:29,77,,,,,,,,,
,00:00:30,77,,,,,,,,,
,00:00:31,73,,,,,,,,,
,00:00:32,73,,,,,,,,,
,00:00:33,72,,,,,,,,,
,00:00:34,70,,,,,,,,,
,00:00:35,70,,,,,,,,,
,00:00:36,70,,,,,,,,,
,00:00:37,72,,,,,,,,,
,00:00:38,74,,,,,,,,,
,00:00:39,75,,,,,,,,,
,00:00:40,75,,,,,,,,,
,00:00:41,75,,,,,,,,,
,00:00:42,73,,,,,,,,,
,00:00:43,71,,,,,,,,,
,00:00:44,71,,,,,,,,,
,00:00:45,68,,,,,,,,,
,00:00:46,69,,,,,,,,,
,00:00:47,69,,,,,,,,,
,00:00:48,69,,,,,,,,,
,00:00:49,70,,,,,,,,,
,00:00:50,71,,,,,,,,,
,00:00:51,71,,,,,,,,,
,00:00:52,73,,,,,,,,,
,00:00:53,72,,,,,,,,,
,00:00:54,72,,,,,,,,,
,00:00:55,72,,,,,,,,,
,00:00:56,71,,,,,,,,,
,00:00:57,72,,,,,,,,,
,00:00:58,71,,,,,,,,,
,00:00:59,70,,,,,,,,,
,00:01:00,70,,,,,,,,,
,00:01:01,69,,,,,,,,,
,00:01:02,71,,,,,,,,,
,00:01:03,71,,,,,,,,,
,00:01:04,71,,,,,,,,,
,00:01:05,71,,,,,,,,,
,00:01:06,71,,,,,,,,,
,00:01:07,72,,,,,,,,,
,00:01:08,72,,,,,,,,,
,00:01:09,70,,,,,,,,,
,00:01:10,71,,,,,,,,,
,00:01:11,71,,,,,,,,,
,00:01:12,70,,,,,,,,,
,00:01:13,70,,,,,,,,,
,00:01:14,72,,,,,,,,,
,00:01:15,72,,,,,,,,,
,00:01:16,75,,,,,,,,,
,00:01:17,75,,,,,,,,,
,00:01:18,72,,,,,,,,,
,00:01:19,72,,,,,,,,,
,00:01:20,69,,,,,,,,,
,00:01:21,69,,,,,,,,,
,00:01:22,69,,,,,,,,,
,00:01:23,69,,,,,,,,,
,00:01:24,75,,,,,,,,,
,00:01:25,75,,,,,,,,,
,00:01:26,74,,,,,,,,,
,00:01:27,74,,,,,,,,,
,00:01:28,74,,,,,,,,,
,00:01:29,74,,,,,,,,,
,00:01:30,74,,,,,,,,,
,00:01:31,74,,,,,,,,,
,00:01:32,77,,,,,,,,,
,00:01:33,77,,,,,,,,,
,00:01:34,75,,,,,,,,,
,00:01:35,75,,,,,,,,,
,00:01:36,69,,,,,,,,,
,00:01:37,69,,,,,,,,,
,00:01:38,68,,,,,,,,,
,00:01:39,68,,,,,,,,,
,00:01:40,66,,,,,,,,,
,00:01:41,66,,,,,,,,,
,00:01:42,65,,,,,,,,,
,00:01:43,65,,,,,,,,,
,00:01:44,67,,,,,,,,,
,00:01:45,67,,,,,,,,,
,00:01:46,70,,,,,,,,,
,00:01:47,70,,,,,,,,,
,00:01:48,75,,,,,,,,,
,00:01:49,75,,,,,,,,,
,00:01:50,77,,,,,,,,,
,00:01:51,77,,,,,,,,,
,00:01:52,76,,,,,,,,,
,00:01:53,76,,,,,,,,,
,00:01:54,79,,,,,,,,,
,00:01:55,84,,,,,,,,,
,00:01:56,86,,,,,,,,,
,00:01:57,84,,,,,,,,,
,00:01:58,80,,,,,,,,,
,00:01:59,82,,,,,,,,,
,00:02:00,82,,,,,,,,,
,00:02:01,84,,,,,,,,,
,00:02:02,83,,,,,,,,,
,00:02:03,84,,,,,,,,,
,00:02:04,83,,,,,,,,,
,00:02:05,83,,,,,,,,,
,00:02:06,82,,,,,,,,,
,00:02:07,78,,,,,,,,,
,00:02:08,77,,,,,,,,,
,00:02:09,77,,,,,,,,,
,00:02:10,76,,,,,,,,,
,00:02:11,76,,,,,,,,,
,00:02:12,75,,,,,,,,,
,00:02:13,77,,,,,,,,,
,00:02:14,81,,,,,,,,,
,00:02:15,81,,,,,,,,,
,00:02:16,81,,,,,,,,,
,00:02:17,81,,,,,,,,,
,00:02:18,80,,,,,,,,,
,00:02:19,80,,,,,,,,,
,00:02:20,80,,,,,,,,,
,00:02:21,80,,,,,,,,,
,00:02:22,80,,,,,,,,,
,00:02:23,82,,,,,,,,,
,00:02:24,82,,,,,,,,,
,00:02:25,81,,,,,,,,,
,00:02:26,81,,,,,,,,,
,00:02:27,82,,,,,,,,,
,00:02:28,82,,,,,,,,,
,00:02:29,82,,,,,,,,,
,00:02:30,82,,,,,,,,,
,00:02:31,82,,,,,,,,,
,00:02:32,82,,,,,,,,,
,00:02:33,81,,,,,,,,,
,00:02:34,81,,,,,,,,,
,00:02:35,84,,,,,,,,,
,00:02:36,85,,,,,,,,,
,00:02:37,85,,,,,,,,,
,00:02:38,85,,,,,,,,,
,00:02:39,85,,,,,,,,,
,00:02:40,86,,,,,,,,,
,00:02:41,86,,,,,,,,,
,00:02:42,84,,,,,,,,,
,00:02:43,84,,,,,,,,,
,00:02:44,82,,,,,,,,,
,00:02:45,82,,,,,,,,,
,00:02:46,85,,,,,,,,,
,00:02:47,85,,,,,,,,,
,00:02:48,86,,,,,,,,,
,00:02:49,86,,,,,,,,,
,00:02:50,84,,,,,,,,,
,00:02:51,84,,,,,,,,,
,00:02:52,84,,,,,,,,,
,00:02:53,85,,,,,,,,,
,00:02:54,85,,,,,,,,,
,00:02:55,87,,,,,,,,,
,00:02:56,87,,,,,,,,,
,00:02:57,84,,,,,,,,,
,00:02:58,84,,,,,,,,,
,00:02:59,80,,,,,,,,,
,00:03:00,80,,,,,,,,,
,00:03:01,79,,,,,,,,,
,00:03:02,79,,,,,,,,,
,00:03:03,86,,,,,,,,,
,00:03:04,89,,,,,,,,,
,00:03:05,89,,,,,,,,,
,00:03:06,92,,,,,,,,,
,00:03:07,92,,,,,,,,,
,00:03:08,88,,,,,,,,,
,00:03:09,88,,,,,,,,,
,00:03:10,84,,,,,,,,,
,00:03:11,84,,,,,,,,,
,00:03:12,83,,,,,,,,,
,00:03:13,83,,,,,,,,,
,00:03:14,84,,,,,,,,,
,00:03:15,84,,,,,,,,,
,00:03:16,83,,,,,,,,,
,00:03:17,83,,,,,,,,,
,00:03:18,83,,,,,,,,,
,00:03:19,83,,,,,,,,,
,00:03:20,82,,,,,,,,,
,00:03:21,81,,,,,,,,,
,00:03:22,79,,,,,,,,,
,00:03:23,80,,,,,,,,,
,00:03:24,81,,,,,,,,,
,00:03:25,81,,,,,,,,,
,00:03:26,83,,,,,,,,,
,00:03:27,81,,,,,,,,,
,00:03:28,83,,,,,,,,,
,00:03:29,82,,,,,,,,,
,00:03:30,83,,,,,,,,,
,00:03:31,82,,,,,,,,,
,00:03:32,82,,,,,,,,,
,00:03:33,83,,,,,,,,,
,00:03:34,85,,,,,,,,,
,00:03:35,87,,,,,,,,,
,00:03:36,88,,,,,,,,,
,00:03:37,88,,,,,,,,,
,00:03:38,86,,,,,,,,,
,00:03:39,85,,,,,,,,,
,00:03:40,82,,,,,,,,,
,00:03:41,81,,,,,,,,,
,00:03:42,80,,,,,,,,,
,00:03:43,81,,,,,,,,,
,00:03:44,81,,,,,,,,,
,00:03:45,82,,,,,,,,,
,00:03:46,83,,,,,,,,,
,00:03:47,83,,,,,,,,,
,00:03:48,82,,,,,,,,,
,00:03:49,82,,,,,,,,,
,00:03:50,82,,,,,,,,,
,00:03:51,83,,,,,,,,,
,00:03:52,84,,,,,,,,,
,00:03:53,84,,,,,,,,,
,00:03:54,84,,,,,,,,,
,00:03:55,82,,,,,,,,,
,00:03:56,81,,,,,,,,,
,00:03:57,79,,,,,,,,,
,00:03:58,79,,,,,,,,,
,00:03:59,79,,,,,,,,,
,00:04:00,81,,,,,,,,,
,00:04:01,81,,,,,,,,,
,00:04:02,80,,,,,,,,,
,00:04:03,79,,,,,,,,,
,00:04:04,81,,,,,,,,,
,00:04:05,81,,,,,,,,,
,00:04:06,81,,,,,,,,,
,00:04:07,80,,,,,,,,,
,00:04:08,82,,,,,,,,,
,00:04:09,84,,,,,,,,,
,00:04:10,87,,,,,,,,,
,00:04:11,87,,,,,,,,,
,00:04:12,87,,,,,,,,,
,00:04:13,87,,,,,,,,,
,00:04:14,87,,,,,,,,,
,00:04:15,87,,,,,,,,,
,00:04:16,82,,,,,,,,,
,00:04:17,82,,,,,,,,,
,00:04:18,83,,,,,,,,,
,00:04:19,84,,,,,,,,,
,00:04:20,85,,,,,,,,,
,00:04:21,85,,,,,,,,,
,00:04:22,84,,,,,,,,,
,00:04:23,86,,,,,,,,,
,00:04:24,88,,,,,,,,,
,00:04:25,89,,,,,,,,,
,00:04:26,90,,,,,,,,,
,00:04:27,90,,,,,,,,,
,00:04:28,90,,,,,,,,,
,00:04:29,89,,,,,,,,,
,00:04:30,88,,,,,,,,,
,00:04:31,86,,,,,,,,,
,00:04:32,85,,,,,,,,,
,00:04:33,86,,,,,,,,,
,00:04:34,87,,,,,,,,,
,00:04:35,87,,,,,,,,,
,00:04:36,88,,,,,,,,,
,00:04:37,86,,,,,,,,,
,00:04:38,86,,,,,,,,,
,00:04:39,86,,,,,,,,,
,00:04:40,86,,,,,,,,,
,00:04:41,86,,,,,,,,,
,00:04:42,84,,,,,,,,,
,00:04:43,84,,,,,,,,,
,00:04:44,84,,,,,,,,,
,00:04:45,87,,,,,,,,,
,00:04:46,93,,,,,,,,,
,00:04:47,94,,,,,,,,,
,00:04:48,92,,,,,,,,,
,00:04:49,91,,,,,,,,,
,00:04:50,89,,,,,,,,,
,00:04:51,91,,,,,,,,,
,00:04:52,92,,,,,,,,,
,00:04:53,93,,,,,,,,,
,00:04:54,93,,,,,,,,,
,00:04:55,92,,,,,,,,,
,00:04:56,92,,,,,,,,,
,00:04:57,89,,,,,,,,,
,00:04:58,88,,,,,,,,,
,00:04:59,90,,,,,,,,,
,00:05:00,91,,,,,,,,,
,00:05:01,92,,,,,,,,,
,00:05:02,92,,,,,,,,,
,00:05:03,92,,,,,,,,,
,00:05:04,91,,,,,,,,,
,00:05:05,91,,,,,,,,,
,00:05:06,90,,,,,,,,,
,00:05:07,89,,,,,,,,,
,00:05:08,90,,,,,,,,,
,00:05:09,90,,,,,,,,,
,00:05:10,90,,,,,,,,,
,00:05:11,91,,,,,,,,,
,00:05:12,87,,,,,,,,,
,00:05:13,86,,,,,,,,,
,00:05:14,83,,,,,,,,,
,00:05:15,82,,,,,,,,,
,00:05:16,80,,,,,,,,,
,00:05:17,82,,,,,,,,,
,00:05:18,82,,,,,,,,,
,00:05:19,81,,,,,,,,,
,00:05:20,81,,,,,,,,,
,00:05:21,80,,,,,,,,,
,00:05:22,80,,,,,,,,,
,00:05:23,81,,,,,,,,,
,00:05:24,81,,,,,,,,,
,00:05:25,82,,,,,,,,,
,00:05:26,82,,,,,,,,,
,00:05:27,76,,,,,,,,,
,00:05:28,76,,,,,,,,,
,00:05:29,76,,,,,,,,,
,00:05:30,76,,,,,,,,,
,00:05:31,80,,,,,,,,,
,00:05:32,80,,,,,,,,,
,00:05:33,81,,,,,,,,,
,00:05:34,81,,,,,,,,,
,00:05:35,83,,,,,,,,,
,00:05:36,83,,,,,,,,,
,00:05:37,87,,,,,,,,,
,00:05:38,87,,,,,,,,,
,00:05:39,88,,,,,,,,,
,00:05:40,88,,,,,,,,,
,00:05:41,84,,,,,,,,,
,00:05:42,84,,,,,,,,,
,00:05:43,75,,,,,,,,,
,00:05:44,75,,,,,,,,,
,00:05:45,73,,,,,,,,,
,00:05:46,73,,,,,,,,,
,00:05:47,76,,,,,,,,,
,00:05:48,76,,,,,,,,,
,00:05:49,78,,,,,,,,,
,00:05:50,78,,,,,,,,,
,00:05:51,76,,,,,,,,,
,00:05:52,76,,,,,,,,,
,00:05:53,74,,,,,,,,,
,00:05:54,74,,,,,,,,,
,00:05:55,78,,,,,,,,,
,00:05:56,78,,,,,,,,,
,00:05:57,77,,,,,,,,,
,00:05:58,77,,,,,,,,,
,00:05:59,79,,,,,,,,,
,00:06:00,79,,,,,,,,,
,00:06:01,86,,,,,,,,,
,00:06:02,83,,,,,,,,,
,00:06:03,83,,,,,,,,,
,00:06:04,79,,,,,,,,,
,00:06:05,79,,,,,,,,,
,00:06:06,76,,,,,,,,,
,00:06:07,76,,,,,,,,,
,00:06:08,72,,,,,,,,,
,00:06:09,72,,,,,,,,,
,00:06:10,76,,,,,,,,,
,00:06:11,76,,,,,,,,,
,00:06:12,78,,,,,,,,,
,00:06:13,78,,,,,,,,,
,00:06:14,77,,,,,,,,,
,00:06:15,77,,,,,,,,,
,00:06:16,78,,,,,,,,,
,00:06:17,78,,,,,,,,,
,00:06:18,77,,,,,,,,,
,00:06:19,77,,,,,,,,,
,00:06:20,82,,,,,,,,,
,00:06:21,82,,,,,,,,,
,00:06:22,86,,,,,,,,,
,00:06:23,87,,,,,,,,,
,00:06:24,84,,,,,,,,,
,00:06:25,84,,,,,,,,,
,00:06:26,84,,,,,,,,,
,00:06:27,81,,,,,,,,,
,00:06:28,78,,,,,,,,,
,00:06:29,78,,,,,,,,,
,00:06:30,78,,,,,,,,,
,00:06:31,78,,,,,,,,,
,00:06:32,80,,,,,,,,,
,00:06:33,80,,,,,,,,,
,00:06:34,84,,,,,,,,,
,00:06:35,84,,,,,,,,,
,00:06:36,84,,,,,,,,,
,00:06:37,84,,,,,,,,,
,00:06:38,82,,,,,,,,,
,00:06:39,81,,,,,,,,,
,00:06:40,81,,,,,,,,,
,00:06:41,79,,,,,,,,,
,00:06:42,79,,,,,,,,,
,00:06:43,80,,,,,,,,,
,00:06:44,80,,,,,,,,,
,00:06:45,82,,,,,,,,,
,00:06:46,82,,,,,,,,,
,00:06:47,83,,,,,,,,,
,00:06:48,83,,,,,,,,,
,00:06:49,84,,,,,,,,,
,00:06:50,85,,,,,,,,,
,00:06:51,86,,,,,,,,,
,00:06:52,86,,,,,,,,,
,00:06:53,88,,,,,,,,,
,00:06:54,88,,,,,,,,,
,00:06:55,86,,,,,,,,,
,00:06:56,86,,,,,,,,,
,00:06:57,85,,,,,,,,,
,00:06:58,85,,,,,,,,,
,00:06:59,87,,,,,,,,,
,00:07:00,87,,,,,,,,,
,00:07:01,87,,,,,,,,,
,00:07:02,87,,,,,,,,,
,00:07:03,85,,,,,,,,,
,00:07:04,85,,,,,,,,,
,00:07:05,81,,,,,,,,,
,00:07:06,81,,,,,,,,,
,00:07:07,82,,,,,,,,,
,00:07:08,82,,,,,,,,,
,00:07:09,85,,,,,,,,,
,00:07:10,85,,,,,,,,,
,00:07:11,88,,,,,,,,,
,00:07:12,88,,,,,,,,,
,00:07:13,85,,,,,,,,,
,00:07:14,85,,,,,,,,,
,00:07:15,85,,,,,,,,,
,00:07:16,85,,,,,,,,,
,00:07:17,91,,,,,,,,,
,00:07:18,91,,,,,,,,,
,00:07:19,97,,,,,,,,,
,00:07:20,97,,,,,,,,,
,00:07:21,90,,,,,,,,,
,00:07:22,90,,,,,,,,,
,00:07:23,88,,,,,,,,,
,00:07:24,88,,,,,,,,,
,00:07:25,88,,,,,,,,,
,00:07:26,89,,,,,,,,,
,00:07:27,91,,,,,,,,,
,00:07:28,91,,,,,,,,,
,00:07:29,91,,,,,,,,,
,00:07:30,88,,,,,,,,,
,00:07:31,85,,,,,,,,,
,00:07:32,85,,,,,,,,,
,00:07:33,82,,,,,,,,,
,00:07:34,83,,,,,,,,,
,00:07:35,82,,,,,,,,,
,00:07:36,84,,,,,,,,,
,00:07:37,85,,,,,,,,,
,00:07:38,86,,,,,,,,,
,00:07:39,87,,,,,,,,,
,00:07:40,83,,,,,,,,,
,00:07:41,84,,,,,,,,,
,00:07:42,84,,,,,,,,,
,00:07:43,86,,,,,,,,,
,00:07:44,87,,,,,,,,,
,00:07:45,90,,,,,,,,,
,00:07:46,90,,,,,,,,,
,00:07:47,91,,,,,,,,,
,00:07:48,90,,,,,,,,,
,00:07:49,88,,,,,,,,,
,00:07:50,85,,,,,,,,,
,00:07:51,85,,,,,,,,,
,00:07:52,85,,,,,,,,,
,00:07:53,85,,,,,,,,,
,00:07:54,85,,,,,,,,,
,00:07:55,84,,,,,,,,,
,00:07:56,84,,,,,,,,,
,00:07:57,85,,,,,,,,,
,00:07:58,87,,,,,,,,,
,00:07:59,88,,,,,,,,,
,00:08:00,84,,,,,,,,,
,00:08:01,83,,,,,,,,,
,00:08:02,82,,,,,,,,,
,00:08:03,80,,,,,,,,,
,00:08:04,80,,,,,,,,,
,00:08:05,82,,,,,,,,,
,00:08:06,83,,,,,,,,,
,00:08:07,84,,,,,,,,,
,00:08:08,85,,,,,,,,,
,00:08:09,85,,,,,,,,,
,00:08:10,86,,,,,,,,,
,00:08:11,85,,,,,,,,,
,00:08:12,86,,,,,,,,,
,00:08:13,86,,,,,,,,,
,00:08:14,87,,,,,,,,,
,00:08:15,87,,,,,,,,,
,00:08:16,85,,,,,,,,,
,00:08:17,86,,,,,,,,,
,00:08:18,87,,,,,,,,,
,00:08:19,88,,,,,,,,,
,00:08:20,87,,,,,,,,,
,00:08:21,87,,,,,,,,,
,00:08:22,87,,,,,,,,,
,00:08:23,87,,,,,,,,,
,00:08:24,87,,,,,,,,,
,00:08:25,86,,,,,,,,,
,00:08:26,86,,,,,,,,,
,00:08:27,86,,,,,,,,,
,00:08:28,85,,,,,,,,,
,00:08:29,85,,,,,,,,,
,00:08:30,87,,,,,,,,,
,00:08:31,87,,,,,,,,,
,00:08:32,87,,,,,,,,,
,00:08:33,88,,,,,,,,,
,00:08:34,90,,,,,,,,,
,00:08:35,90,,,,,,,,,
,00:08:36,90,,,,,,,,,
,00:08:37,87,,,,,,,,,
,00:08:38,87,,,,,,,,,
,00:08:39,85,,,,,,,,,
,00:08:40,85,,,,,,,,,
,00:08:41,87,,,,,,,,,
,00:08:42,87,,,,,,,,,
,00:08:43,87,,,,,,,,,
,00:08:44,88,,,,,,,,,
,00:08:45,88,,,,,,,,,
,00:08:46,87,,,,,,,,,
,00:08:47,85,,,,,,,,,
,00:08:48,85,,,,,,,,,
,00:08:49,85,,,,,,,,,
,00:08:50,86,,,,,,,,,
,00:08:51,86,,,,,,,,,
,00:08:52,86,,,,,,,,,
,00:08:53,85,,,,,,,,,
,00:08:54,84,,,,,,,,,
,00:08:55,83,,,,,,,,,
,00:08:56,84,,,,,,,,,
,00:08:57,84,,,,,,,,,
,00:08:58,84,,,,,,,,,
,00:08:59,83,,,,,,,,,
,00:09:00,83,,,,,,,,,
,00:09:01,82,,,,,,,,,
,00:09:02,86,,,,,,,,,
,00:09:03,86,,,,,,,,,
,00:09:04,86,,,,,,,,,
,00:09:05,86,,,,,,,,,
,00:09:06,86,,,,,,,,,
,00:09:07,86,,,,,,,,,
,00:09:08,88,,,,,,,,,
,00:09:09,89,,,,,,,,,
,00:09:10,91,,,,,,,,,
,00:09:11,92,,,,,,,,,
,00:09:12,91,,,,,,,,,
,00:09:13,89,,,,,,,,,
,00:09:14,89,,,,,,,,,
,00:09:15,89,,,,,,,,,
,00:09:16,89,,,,,,,,,
,00:09:17,89,,,,,,,,,
,00:09:18,90,,,,,,,,,
,00:09:19,90,,,,,,,,,
,00:09:20,90,,,,,,,,,
,00:09:21,93,,,,,,,,,
,00:09:22,93,,,,,,,,,
,00:09:23,92,,,,,,,,,
,00:09:24,88,,,,,,,,,
,00:09:25,88,,,,,,,,,
,00:09:26,87,,,,,,,,,
,00:09:27,89,,,,,,,,,
,00:09:28,92,,,,,,,,,
,00:09:29,92,,,,,,,,,
,00:09:30,94,,,,,,,,,
,00:09:31,96,,,,,,,,,
,00:09:32,95,,,,,,,,,
,00:09:33,95,,,,,,,,,
,00:09:34,95,,,,,,,,,
,00:09:35,91,,,,,,,,,
,00:09:36,86,,,,,,,,,
,00:09:37,86,,,,,,,,,
,00:09:38,88,,,,,,,,,
,00:09:39,88,,,,,,,,,
,00:09:40,94,,,,,,,,,
,00:09:41,94,,,,,,,,,
,00:09:42,91,,,,,,,,,
,00:09:43,91,,,,,,,,,
,00:09:44,89,,,,,,,,,
,00:09:45,89,,,,,,,,,
,00:09:46,90,,,,,,,,,
,00:09:47,90,,,,,,,,,
,00:09:48,95,,,,,,,,,
,00:09:49,95,,,,,,,,,
,00:09:50,93,,,,,,,,,
,00:09:51,93,,,,,,,,,
,00:09:52,98,,,,,,,,,
,00:09:53,98,,,,,,,,,
,00:09:54,98,,,,,,,,,
,00:09:55,98,,,,,,,,,
,00:09:56,98,,,,,,,,,
,00:09:57,94,,,,,,,,,
,00:09:58,94,,,,,,,,,
,00:09:59,86,,,,,,,,,
,00:10:00,86,,,,,,,,,
,00:10:01,89,,,,,,,,,
,00:10:02,89,,,,,,,,,
,00:10:03,90,,,,,,,,,
,00:10:04,90,,,,,,,,,
,00:10:05,89,,,,,,,,,
,00:10:06,89,,,,,,,,,
,00:10:07,86,,,,,,,,,
,00:10:08,86,,,,,,,,,
,00:10:09,83,,,,,,,,,
,00:10:10,83,,,,,,,,,
,00:10:11,83,,,,,,,,,
,00:10:12,86,,,,,,,,,
,00:10:13,86,,,,,,,,,
,00:10:14,93,,,,,,,,,
,00:10:15,93,,,,,,,,,
,00:10:16,90,,,,,,,,,
,00:10:17,90,,,,,,,,,
,00:10:18,86,,,,,,,,,
,00:10:19,86,,,,,,,,,
,00:10:20,85,,,,,,,,,
,00:10:21,85,,,,,,,,,
,00:10:22,84,,,,,,,,,
,00:10:23,84,,,,,,,,,
,00:10:24,87,,,,,,,,,
,00:10:25,87,,,,,,,,,
,00:10:26,89,,,,,,,,,
,00:10:27,89,,,,,,,,,
,00:10:28,89,,,,,,,,,
,00:10:29,89,,,,,,,,,
,00:10:30,83,,,,,,,,,
,00:10:31,83,,,,,,,,,
,00:10:32,84,,,,,,,,,
,00:10:33,84,,,,,,,,,
,00:10:34,88,,,,,,,,,
,00:10:35,88,,,,,,,,,
,00:10:36,90,,,,,,,,,
,00:10:37,90,,,,,,,,,
,00:10:38,89,,,,,,,,,
,00:10:39,89,,,,,,,,,
,00:10:40,89,,,,,,,,,
,00:10:41,90,,,,,,,,,
,00:10:42,89,,,,,,,,,
,00:10:43,91,,,,,,,,,
,00:10:44,90,,,,,,,,,
,00:10:45,88,,,,,,,,,
,00:10:46,87,,,,,,,,,
,00:10:47,88,,,,,,,,,
,00:10:48,87,,,,,,,,,
,00:10:49,87,,,,,,,,,
,00:10:50,87,,,,,,,,,
,00:10:51,86,,,,,,,,,
,00:10:52,87,,,,,,,,,
,00:10:53,88,,,,,,,,,
,00:10:54,89,,,,,,,,,
,00:10:55,86,,,,,,,,,
,00:10:56,87,,,,,,,,,
,00:10:57,86,,,,,,,,,
,00:10:58,86,,,,,,,,,
,00:10:59,86,,,,,,,,,
,00:11:00,86,,,,,,,,,
,00:11:01,87,,,,,,,,,
,00:11:02,87,,,,,,,,,
,00:11:03,87,,,,,,,,,
,00:11:04,94,,,,,,,,,
,00:11:05,94,,,,,,,,,
,00:11:06,92,,,,,,,,,
,00:11:07,92,,,,,,,,,
,00:11:08,95,,,,,,,,,
,00:11:09,95,,,,,,,,,
,00:11:10,101,,,,,,,,,
,00:11:11,101,,,,,,,,,
,00:11:12,98,,,,,,,,,
,00:11:13,98,,,,,,,,,
,00:11:14,93,,,,,,,,,
,00:11:15,93,,,,,,,,,
,00:11:16,96,,,,,,,,,
,00:11:17,96,,,,,,,,,
,00:11:18,96,,,,,,,,,
,00:11:19,96,,,,,,,,,
,00:11:20,93,,,,,,,,,
,00:11:21,93,,,,,,,,,
,00:11:22,89,,,,,,,,,
,00:11:23,89,,,,,,,,,
,00:11:24,90,,,,,,,,,
,00:11:25,90,,,,,,,,,
,00:11:26,90,,,,,,,,,
,00:11:27,90,,,,,,,,,
,00:11:28,90,,,,,,,,,
,00:11:29,90,,,,,,,,,
,00:11:30,89,,,,,,,,,
,00:11:31,86,,,,,,,,,
,00:11:32,85,,,,,,,,,
,00:11:33,85,,,,,,,,,
,00:11:34,91,,,,,,,,,
,00:11:35,91,,,,,,,,,
,00:11:36,93,,,,,,,,,
,00:11:37,93,,,,,,,,,
,00:11:38,92,,,,,,,,,
,00:11:39,91,,,,,,,,,
,00:11:40,91,,,,,,,,,
,00:11:41,92,,,,,,,,,
,00:11:42,94,,,,,,,,,
,00:11:43,94,,,,,,,,,
,00:11:44,94,,,,,,,,,
,00:11:45,94,,,,,,,,,
,00:11:46,94,,,,,,,,,
,00:11:47,93,,,,,,,,,
,00:11:48,91,,,,,,,,,
,00:11:49,91,,,,,,,,,
,00:11:50,90,,,,,,,,,
,00:11:51,87,,,,,,,,,
,00:11:52,87,,,,,,,,,
,00:11:53,88,,,,,,,,,
,00:11:54,91,,,,,,,,,
,00:11:55,92,,,,,,,,,
,00:11:56,90,,,,,,,,,
,00:11:57,89,,,,,,,,,
,00:11:58,85,,,,,,,,,
,00:11:59,84,,,,,,,,,
,00:12:00,82,,,,,,,,,
,00:12:01,81,,,,,,,,,
,00:12:02,84,,,,,,,,,
,00:12:03,87,,,,,,,,,
,00:12:04,88,,,,,,,,,
,00:12:05,90,,,,,,,,,
,00:12:06,89,,,,,,,,,
,00:12:07,89,,,,,,,,,
,00:12:08,90,,,,,,,,,
,00:12:09,90,,,,,,,,,
,00:12:10,89,,,,,,,,,
,00:12:11,90,,,,,,,,,
,00:12:12,92,,,,,,,,,
,00:12:13,93,,,,,,,,,
,00:12:14,93,,,,,,,,,
,00:12:15,93,,,,,,,,,
,00:12:16,93,,,,,,,,,
,00:12:17,93,,,,,,,,,
,00:12:18,93,,,,,,,,,
,00:12:19,94,,,,,,,,,
,00:12:20,94,,,,,,,,,
,00:12:21,96,,,,,,,,,
,00:12:22,97,,,,,,,,,
,00:12:23,96,,,,,,,,,
,00:12:24,93,,,,,,,,,
,00:12:25,88,,,,,,,,,
,00:12:26,87,,,,,,,,,
,00:12:27,88,,,,,,,,,
,00:12:28,88,,,,,,,,,
,00:12:29,92,,,,,,,,,
,00:12:30,93,,,,,,,,,
,00:12:31,90,,,,,,,,,
,00:12:32,87,,,,,,,,,
,00:12:33,84,,,,,,,,,
,00:12:34,77,,,,,,,,,
,00:12:35,75,,,,,,,,,
,00:12:36,75,,,,,,,,,
,00:12:37,74,,,,,,,,,
,00:12:38,79,,,,,,,,,
,00:12:39,79,,,,,,,,,
,00:12:40,87,,,,,,,,,
,00:12:41,87,,,,,,,,,
,00:12:42,92,,,,,,,,,
,00:12:43,92,,,,,,,,,
,00:12:44,85,,,,,,,,,
,00:12:45,85,,,,,,,,,
,00:12:46,84,,,,,,,,,
,00:12:47,84,,,,,,,,,
,00:12:48,87,,,,,,,,,
,00:12:49,88,,,,,,,,,
,00:12:50,88,,,,,,,,,
,00:12:51,97,,,,,,,,,
,00:12:52,97,,,,,,,,,
,00:12:53,98,,,,,,,,,
,00:12:54,98,,,,,,,,,
,00:12:55,94,,,,,,,,,
,00:12:56,94,,,,,,,,,
,00:12:57,83,,,,,,,,,
,00:12:58,83,,,,,,,,,
,00:12:59,78,,,,,,,,,
,00:13:00,78,,,,,,,,,
,00:13:01,80,,,,,,,,,
,00:13:02,80,,,,,,,,,
,00:13:03,79,,,,,,,,,
,00:13:04,79,,,,,,,,,
,00:13:05,80,,,,,,,,,
,00:13:06,80,,,,,,,,,
,00:13:07,82,,,,,,,,,
,00:13:08,82,,,,,,,,,
,00:13:09,81,,,,,,,,,
,00:13:10,81,,,,,,,,,
,00:13:11,79,,,,,,,,,
,00:13:12,79,,,,,,,,,
,00:13:13,80,,,,,,,,,
,00:13:14,80,,,,,,,,,
,00:13:15,82,,,,,,,,,
,00:13:16,82,,,,,,,,,
,00:13:17,81,,,,,,,,,
,00:13:18,81,,,,,,,,,
,00:13:19,80,,,,,,,,,
,00:13:20,80,,,,,,,,,
,00:13:21,77,,,,,,,,,
,00:13:22,76,,,,,,,,,
,00:13:23,77,,,,,,,,,
,00:13:24,77,,,,,,,,,
,00:13:25,81,,,,,,,,,
,00:13:26,80,,,,,,,,,
,00:13:27,79,,,,,,,,,
,00:13:28,77,,,,,,,,,
,00:13:29,77,,,,,,,,,
,00:13:30,78,,,,,,,,,
,00:13:31,78,,,,,,,,,
,00:13:32,78,,,,,,,,,
,00:13:33,79,,,,,,,,,
,00:13:34,80,,,,,,,,,
,00:13:35,78,,,,,,,,,
,00:13:36,76,,,,,,,,,
,00:13:37,76,,,,,,,,,
,00:13:38,79,,,,,,,,,
,00:13:39,80,,,,,,,,,
,00:13:40,83,,,,,,,,,
,00:13:41,85,,,,,,,,,
,00:13:42,86,,,,,,,,,
,00:13:43,94,,,,,,,,,
,00:13:44,94,,,,,,,,,
,00:13:45,94,,,,,,,,,
,00:13:46,89,,,,,,,,,
,00:13:47,83,,,,,,,,,
,00:13:48,83,,,,,,,,,
,00:13:49,80,,,,,,,,,
,00:13:50,80,,,,,,,,,
,00:13:51,75,,,,,,,,,
,00:13:52,75,,,,,,,,,
,00:13:53,74,,,,,,,,,
,00:13:54,74,,,,,,,,,
,00:13:55,78,,,,,,,,,
,00:13:56,78,,,,,,,,,
,00:13:57,82,,,,,,,,,
,00:13:58,82,,,,,,,,,
,00:13:59,81,,,,,,,,,
,00:14:00,81,,,,,,,,,
,00:14:01,78,,,,,,,,,
,00:14:02,78,,,,,,,,,
,00:14:03,78,,,,,,,,,
,00:14:04,78,,,,,,,,,
,00:14:05,81,,,,,,,,,
,00:14:06,81,,,,,,,,,
,00:14:07,82,,,,,,,,,
,00:14:08,82,,,,,,,,,
,00:14:09,76,,,,,,,,,
,00:14:10,76,,,,,,,,,
,00:14:11,78,,,,,,,,,
,00:14:12,78,,,,,,,,,
,00:14:13,80,,,,,,,,,
,00:14:14,80,,,,,,,,,
,00:14:15,80,,,,,,,,,
,00:14:16,80,,,,,,,,,
,00:14:17,78,,,,,,,,,
,00:14:18,78,,,,,,,,,
,00:14:19,76,,,,,,,,,
,00:14:20,76,,,,,,,,,
,00:14:21,80,,,,,,,,,
,00:14:22,80,,,,,,,,,
,00:14:23,75,,,,,,,,,
,00:14:24,75,,,,,,,,,
,00:14:25,85,,,,,,,,,
,00:14:26,85,,,,,,,,,
,00:14:27,81,,,,,,,,,
,00:14:28,81,,,,,,,,,
,00:14:29,75,,,,,,,,,
,00:14:30,75,,,,,,,,,
,00:14:31,76,,,,,,,,,
,00:14:32,76,,,,,,,,,
,00:14:33,80,,,,,,,,,
,00:14:34,80,,,,,,,,,
,00:14:35,80,,,,,,,,,
,00:14:36,80,,,,,,,,,
,00:14:37,75,,,,,,,,,
,00:14:38,75,,,,,,,,,
,00:14:39,77,,,,,,,,,
,00:14:40,77,,,,,,,,,
,00:14:41,80,,,,,,,,,
,00:14:42,80,,,,,,,,,
,00:14:43,82,,,,,,,,,
,00:14:44,81,,,,,,,,,
,00:14:45,81,,,,,,,,,
,00:14:46,80,,,,,,,,,
,00:14:47,82,,,,,,,,,
,00:14:48,84,,,,,,,,,
,00:14:49,85,,,,,,,,,
,00:14:50,85,,,,,,,,,
,00:14:51,85,,,,,,,,,
,00:14:52,84,,,,,,,,,
,00:14:53,83,,,,,,,,,
,00:14:54,83,,,,,,,,,
,00:14:55,84,,,,,,,,,
,00:14:56,84,,,,,,,,,
,00:14:57,86,,,,,,,,,
,00:14:58,86,,,,,,,,,
,00:14:59,89,,,,,,,,,
,00:15:00,89,,,,,,,,,
,00:15:01,88,,,,,,,,,
,00:15:02,86,,,,,,,,,
,00:15:03,86,,,,,,,,,
,00:15:04,87,,,,,,,,,
,00:15:05,88,,,,,,,,,
,00:15:06,91,,,,,,,,,
,00:15:07,93,,,,,,,,,
,00:15:08,91,,,,,,,,,
,00:15:09,88,,,,,,,,,
,00:15:10,85,,,,,,,,,
,00:15:11,84,,,,,,,,,
,00:15:12,84,,,,,,,,,
,00:15:13,83,,,,,,,,,
,00:15:14,87,,,,,,,,,
,00:15:15,89,,,,,,,,,
,00:15:16,89,,,,,,,,,
,00:15:17,91,,,,,,,,,
,00:15:18,89,,,,,,,,,
,00:15:19,90,,,,,,,,,
,00:15:20,92,,,,,,,,,
,00:15:21,93,,,,,,,,,
,00:15:22,97,,,,,,,,,
,00:15:23,93,,,,,,,,,
,00:15:24,91,,,,,,,,,
,00:15:25,88,,,,,,,,,
,00:15:26,86,,,,,,,,,
,00:15:27,85,,,,,,,,,
,00:15:28,86,,,,,,,,,
,00:15:29,87,,,,,,,,,
,00:15:30,87,,,,,,,,,
,00:15:31,88,,,,,,,,,
,00:15:32,88,,,,,,,,,
,00:15:33,88,,,,,,,,,
,00:15:34,87,,,,,,,,,
,00:15:35,87,,,,,,,,,
,00:15:36,84,,,,,,,,,
,00:15:37,82,,,,,,,,,
,00:15:38,82,,,,,,,,,
,00:15:39,82,,,,,,,,,
,00:15:40,82,,,,,,,,,
,00:15:41,84,,,,,,,,,
,00:15:42,84,,,,,,,,,
,00:15:43,88,,,,,,,,,
,00:15:44,89,,,,,,,,,
,00:15:45,89,,,,,,,,,
,00:15:46,87,,,,,,,,,
,00:15:47,87,,,,,,,,,
,00:15:48,83,,,,,,,,,
,00:15:49,83,,,,,,,,,
,00:15:50,85,,,,,,,,,
,00:15:51,86,,,,,,,,,
,00:15:52,88,,,,,,,,,
,00:15:53,89,,,,,,,,,
,00:15:54,91,,,,,,,,,
,00:15:55,92,,,,,,,,,
,00:15:56,90,,,,,,,,,
,00:15:57,87,,,,,,,,,
,00:15:58,87,,,,,,,,,
,00:15:59,86,,,,,,,,,
,00:16:00,85,,,,,,,,,
,00:16:01,89,,,,,,,,,
,00:16:02,89,,,,,,,,,
,00:16:03,90,,,,,,,,,
,00:16:04,90,,,,,,,,,
,00:16:05,90,,,,,,,,,
,00:16:06,90,,,,,,,,,
,00:16:07,90,,,,,,,,,
,00:16:08,90,,,,,,,,,
,00:16:09,87,,,,,,,,,
,00:16:10,88,,,,,,,,,
,00:16:11,87,,,,,,,,,
,00:16:12,86,,,,,,,,,
,00:16:13,85,,,,,,,,,
,00:16:14,85,,,,,,,,,
,00:16:15,85,,,,,,,,,
,00:16:16,89,,,,,,,,,
,00:16:17,90,,,,,,,,,
,00:16:18,90,,,,,,,,,
,00:16:19,88,,,,,,,,,
,00:16:20,87,,,,,,,,,
,00:16:21,88,,,,,,,,,
,00:16:22,88,,,,,,,,,
,00:16:23,89,,,,,,,,,
,00:16:24,89,,,,,,,,,
,00:16:25,88,,,,,,,,,
,00:16:26,88,,,,,,,,,
,00:16:27,88,,,,,,,,,
,00:16:28,89,,,,,,,,,
,00:16:29,89,,,,,,,,,
,00:16:30,89,,,,,,,,,
,00:16:31,90,,,,,,,,,
,00:16:32,91,,,,,,,,,
,00:16:33,90,,,,,,,,,
,00:16:34,90,,,,,,,,,
,00:16:35,89,,,,,,,,,
,00:16:36,90,,,,,,,,,
,00:16:37,90,,,,,,,,,
,00:16:38,91,,,,,,,,,
,00:16:39,92,,,,,,,,,
,00:16:40,88,,,,,,,,,
,00:16:41,87,,,,,,,,,
,00:16:42,88,,,,,,,,,
,00:16:43,85,,,,,,,,,
,00:16:44,86,,,,,,,,,
,00:16:45,88,,,,,,,,,
,00:16:46,89,,,,,,,,,
,00:16:47,93,,,,,,,,,
,00:16:48,93,,,,,,,,,
,00:16:49,91,,,,,,,,,
,00:16:50,91,,,,,,,,,
,00:16:51,89,,,,,,,,,
,00:16:52,89,,,,,,,,,
,00:16:53,89,,,,,,,,,
,00:16:54,89,,,,,,,,,
,00:16:55,91,,,,,,,,,
,00:16:56,91,,,,,,,,,
,00:16:57,91,,,,,,,,,
,00:16:58,91,,,,,,,,,
,00:16:59,90,,,,,,,,,
,00:17:00,90,,,,,,,,,
,00:17:01,90,,,,,,,,,
,00:17:02,90,,,,,,,,,
,00:17:03,90,,,,,,,,,
,00:17:04,91,,,,,,,,,
,00:17:05,91,,,,,,,,,
,00:17:06,94,,,,,,,,,
,00:17:07,94,,,,,,,,,
,00:17:08,94,,,,,,,,,
,00:17:09,94,,,,,,,,,
,00:17:10,95,,,,,,,,,
,00:17:11,95,,,,,,,,,
,00:17:12,90,,,,,,,,,
,00:17:13,90,,,,,,,,,
,00:17:14,90,,,,,,,,,
,00:17:15,90,,,,,,,,,
,00:17:16,90,,,,,,,,,
,00:17:17,90,,,,,,,,,
,00:17:18,93,,,,,,,,,
,00:17:19,93,,,,,,,,,
,00:17:20,86,,,,,,,,,
,00:17:21,86,,,,,,,,,
,00:17:22,85,,,,,,,,,
,00:17:23,85,,,,,,,,,
,00:17:24,93,,,,,,,,,
,00:17:25,93,,,,,,,,,
,00:17:26,96,,,,,,,,,
,00:17:27,96,,,,,,,,,
,00:17:28,89,,,,,,,,,
,00:17:29,89,,,,,,,,,
,00:17:30,84,,,,,,,,,
,00:17:31,84,,,,,,,,,
,00:17:32,85,,,,,,,,,
,00:17:33,85,,,,,,,,,
,00:17:34,90,,,,,,,,,
,00:17:35,90,,,,,,,,,
,00:17:36,90,,,,,,,,,
,00:17:37,91,,,,,,,,,
,00:17:38,91,,,,,,,,,
,00:17:39,86,,,,,,,,,
,00:17:40,86,,,,,,,,,
,00:17:41,78,,,,,,,,,
,00:17:42,78,,,,,,,,,
,00:17:43,81,,,,,,,,,
,00:17:44,81,,,,,,,,,
,00:17:45,87,,,,,,,,,
,00:17:46,87,,,,,,,,,
,00:17:47,88,,,,,,,,,
,00:17:48,86,,,,,,,,,
,00:17:49,86,,,,,,,,,
,00:17:50,82,,,,,,,,,
,00:17:51,82,,,,,,,,,
,00:17:52,84,,,,,,,,,
,00:17:53,85,,,,,,,,,
,00:17:54,85,,,,,,,,,
,00:17:55,85,,,,,,,,,
,00:17:56,85,,,,,,,,,
,00:17:57,86,,,,,,,,,
,00:17:58,86,,,,,,,,,
,00:17:59,86,,,,,,,,,
,00:18:00,87,,,,,,,,,
,00:18:01,87,,,,,,,,,
,00:18:02,87,,,,,,,,,
,00:18:03,89,,,,,,,,,
,00:18:04,85,,,,,,,,,
,00:18:05,85,,,,,,,,,
,00:18:06,85,,,,,,,,,
,00:18:07,85,,,,,,,,,
,00:18:08,85,,,,,,,,,
,00:18:09,89,,,,,,,,,
,00:18:10,89,,,,,,,,,
,00:18:11,88,,,,,,,,,
,00:18:12,88,,,,,,,,,
,00:18:13,84,,,,,,,,,
,00:18:14,84,,,,,,,,,
,00:18:15,86,,,,,,,,,
,00:18:16,86,,,,,,,,,
,00:18:17,87,,,,,,,,,
,00:18:18,87,,,,,,,,,
,00:18:19,89,,,,,,,,,
,00:18:20,89,,,,,,,,,
,00:18:21,86,,,,,,,,,
,00:18:22,86,,,,,,,,,
,00:18:23,87,,,,,,,,,
,00:18:24,87,,,,,,,,,
,00:18:25,90,,,,,,,,,
,00:18:26,90,,,,,,,,,
,00:18:27,91,,,,,,,,,
,00:18:28,91,,,,,,,,,
,00:18:29,91,,,,,,,,,
,00:18:30,89,,,,,,,,,
,00:18:31,89,,,,,,,,,
,00:18:32,88,,,,,,,,,
,00:18:33,88,,,,,,,,,
,00:18:34,88,,,,,,,,,
,00:18:35,88,,,,,,,,,
,00:18:36,88,,,,,,,,,
,00:18:37,87,,,,,,,,,
,00:18:38,87,,,,,,,,,
,00:18:39,88,,,,,,,,,
,00:18:40,88,,,,,,,,,
,00:18:41,90,,,,,,,,,
,00:18:42,90,,,,,,,,,
,00:18:43,91,,,,,,,,,
,00:18:44,91,,,,,,,,,
,00:18:45,91,,,,,,,,,
,00:18:46,89,,,,,,,,,
,00:18:47,90,,,,,,,,,
,00:18:48,90,,,,,,,,,
,00:18:49,92,,,,,,,,,
,00:18:50,92,,,,,,,,,
,00:18:51,92,,,,,,,,,
,00:18:52,93,,,,,,,,,
,00:18:53,95,,,,,,,,,
,00:18:54,95,,,,,,,,,
,00:18:55,95,,,,,,,,,
,00:18:56,95,,,,,,,,,
,00:18:57,97,,,,,,,,,
,00:18:58,99,,,,,,,,,
,00:18:59,100,,,,,,,,,
,00:19:00,100,,,,,,,,,
,00:19:01,100,,,,,,,,,
,00:19:02,99,,,,,,,,,
,00:19:03,96,,,,,,,,,
,00:19:04,95,,,,,,,,,
,00:19:05,95,,,,,,,,,
,00:19:06,95,,,,,,,,,
,00:19:07,95,,,,,,,,,
,00:19:08,97,,,,,,,,,
,00:19:09,100,,,,,,,,,
,00:19:10,102,,,,,,,,,
,00:19:11,101,,,,,,,,,
,00:19:12,102,,,,,,,,,
,00:19:13,102,,,,,,,,,
,00:19:14,102,,,,,,,,,
,00:19:15,95,,,,,,,,,
,00:19:16,94,,,,,,,,,
,00:19:17,98,,,,,,,,,
,00:19:18,100,,,,,,,,,
,00:19:19,101,,,,,,,,,
,00:19:20,102,,,,,,,,,
,00:19:21,100,,,,,,,,,
,00:19:22,100,,,,,,,,,
,00:19:23,102,,,,,,,,,
,00:19:24,100,,,,,,,,,
,00:19:25,99,,,,,,,,,
,00:19:26,99,,,,,,,,,
,00:19:27,101,,,,,,,,,
,00:19:28,102,,,,,,,,,
,00:19:29,103,,,,,,,,,
,00:19:30,103,,,,,,,,,
,00:19:31,96,,,,,,,,,
,00:19:32,92,,,,,,,,,
,00:19:33,91,,,,,,,,,
,00:19:34,90,,,,,,,,,
,00:19:35,92,,,,,,,,,
,00:19:36,92,,,,,,,,,
,00:19:37,92,,,,,,,,,
,00:19:38,91,,,,,,,,,
,00:19:39,90,,,,,,,,,
,00:19:40,89,,,,,,,,,
,00:19:41,90,,,,,,,,,
,00:19:42,96,,,,,,,,,
,00:19:43,96,,,,,,,,,
,00:19:44,97,,,,,,,,,
,00:19:45,96,,,,,,,,,
,00:19:46,95,,,,,,,,,
,00:19:47,92,,,,,,,,,
,00:19:48,94,,,,,,,,,
,00:19:49,94,,,,,,,,,
,00:19:50,93,,,,,,,,,
,00:19:51,93,,,,,,,,,
,00:19:52,87,,,,,,,,,
,00:19:53,87,,,,,,,,,
,00:19:54,87,,,,,,,,,
,00:19:55,87,,,,,,,,,
,00:19:56,90,,,,,,,,,
,00:19:57,90,,,,,,,,,
,00:19:58,90,,,,,,,,,
,00:19:59,90,,,,,,,,,
,00:20:00,88,,,,,,,,,
,00:20:01,88,,,,,,,,,
,00:20:02,86,,,,,,,,,
,00:20:03,86,,,,,,,,,
,00:20:04,87,,,,,,,,,
,00:20:05,87,,,,,,,,,
,00:20:06,88,,,,,,,,,
,00:20:07,88,,,,,,,,,
,00:20:08,89,,,,,,,,,
,00:20:09,89,,,,,,,,,
,00:20:10,91,,,,,,,,,
,00:20:11,91,,,,,,,,,
,00:20:12,93,,,,,,,,,
,00:20:13,93,,,,,,,,,
,00:20:14,93,,,,,,,,,
,00:20:15,92,,,,,,,,,
,00:20:16,92,,,,,,,,,
,00:20:17,91,,,,,,,,,
,00:20:18,92,,,,,,,,,
,00:20:19,93,,,,,,,,,
,00:20:20,91,,,,,,,,,
,00:20:21,88,,,,,,,,,
,00:20:22,84,,,,,,,,,
,00:20:23,84,,,,,,,,,
,00:20:24,85,,,,,,,,,
,00:20:25,86,,,,,,,,,
,00:20:26,89,,,,,,,,,
,00:20:27,92,,,,,,,,,
,00:20:28,92,,,,,,,,,
,00:20:29,92,,,,,,,,,
,00:20:30,90,,,,,,,,,
,00:20:31,90,,,,,,,,,
,00:20:32,87,,,,,,,,,
,00:20:33,87,,,,,,,,,
,00:20:34,88,,,,,,,,,
,00:20:35,88,,,,,,,,,
,00:20:36,89,,,,,,,,,
,00:20:37,88,,,,,,,,,
,00:20:38,88,,,,,,,,,
,00:20:39,87,,,,,,,,,
,00:20:40,88,,,,,,,,,
,00:20:41,91,,,,,,,,,
,00:20:42,89,,,,,,,,,
,00:20:43,89,,,,,,,,,
,00:20:44,88,,,,,,,,,
,00:20:45,80,,,,,,,,,
,00:20:46,80,,,,,,,,,
,00:20:47,82,,,,,,,,,
,00:20:48,87,,,,,,,,,
,00:20:49,89,,,,,,,,,
,00:20:50,91,,,,,,,,,
,00:20:51,89,,,,,,,,,
,00:20:52,84,,,,,,,,,
,00:20:53,84,,,,,,,,,
,00:20:54,85,,,,,,,,,
,00:20:55,85,,,,,,,,,
,00:20:56,90,,,,,,,,,
,00:20:57,90,,,,,,,,,
,00:20:58,95,,,,,,,,,
,00:20:59,95,,,,,,,,,
,00:21:00,92,,,,,,,,,
,00:21:01,92,,,,,,,,,
,00:21:02,84,,,,,,,,,
,00:21:03,84,,,,,,,,,
,00:21:04,86,,,,,,,,,
,00:21:05,86,,,,,,,,,
,00:21:06,87,,,,,,,,,
,00:21:07,87,,,,,,,,,
,00:21:08,90,,,,,,,,,
,00:21:09,90,,,,,,,,,
,00:21:10,89,,,,,,,,,
,00:21:11,89,,,,,,,,,
,00:21:12,89,,,,,,,,,
,00:21:13,89,,,,,,,,,
,00:21:14,91,,,,,,,,,
,00:21:15,91,,,,,,,,,
,00:21:16,91,,,,,,,,,
,00:21:17,91,,,,,,,,,
,00:21:18,91,,,,,,,,,
,00:21:19,91,,,,,,,,,
,00:21:20,92,,,,,,,,,
,00:21:21,92,,,,,,,,,
,00:21:22,91,,,,,,,,,
,00:21:23,91,,,,,,,,,
,00:21:24,90,,,,,,,,,
,00:21:25,90,,,,,,,,,
,00:21:26,89,,,,,,,,,
,00:21:27,89,,,,,,,,,
,00:21:28,90,,,,,,,,,
,00:21:29,90,,,,,,,,,
,00:21:30,91,,,,,,,,,
,00:21:31,91,,,,,,,,,
,00:21:32,93,,,,,,,,,
,00:21:33,93,,,,,,,,,
,00:21:34,94,,,,,,,,,
,00:21:35,94,,,,,,,,,
,00:21:36,93,,,,,,,,,
,00:21:37,93,,,,,,,,,
,00:21:38,91,,,,,,,,,
,00:21:39,91,,,,,,,,,
,00:21:40,94,,,,,,,,,
,00:21:41,94,,,,,,,,,
,00:21:42,102,,,,,,,,,
,00:21:43,102,,,,,,,,,
,00:21:44,99,,,,,,,,,
,00:21:45,99,,,,,,,,,
,00:21:46,95,,,,,,,,,
,00:21:47,95,,,,,,,,,
,00:21:48,95,,,,,,,,,
,00:21:49,95,,,,,,,,,
,00:21:50,95,,,,,,,,,
,00:21:51,96,,,,,,,,,
,00:21:52,96,,,,,,,,,
,00:21:53,96,,,,,,,,,
,00:21:54,94,,,,,,,,,
,00:21:55,91,,,,,,,,,
,00:21:56,93,,,,,,,,,
,00:21:57,93,,,,,,,,,
,00:21:58,93,,,,,,,,,
,00:21:59,93,,,,,,,,,
,00:22:00,94,,,,,,,,,
,00:22:01,93,,,,,,,,,
,00:22:02,94,,,,,,,,,
,00:22:03,95,,,,,,,,,
,00:22:04,96,,,,,,,,,
,00:22:05,96,,,,,,,,,
,00:22:06,94,,,,,,,,,
,00:22:07,93,,,,,,,,,
,00:22:08,91,,,,,,,,,
,00:22:09,90,,,,,,,,,
,00:22:10,91,,,,,,,,,
,00:22:11,93,,,,,,,,,
,00:22:12,96,,,,,,,,,
,00:22:13,96,,,,,,,,,
,00:22:14,96,,,,,,,,,
,00:22:15,96,,,,,,,,,
,00:22:16,95,,,,,,,,,
,00:22:17,94,,,,,,,,,
,00:22:18,92,,,,,,,,,
,00:22:19,91,,,,,,,,,
,00:22:20,91,,,,,,,,,
,00:22:21,92,,,,,,,,,
,00:22:22,93,,,,,,,,,
,00:22:23,92,,,,,,,,,
,00:22:24,91,,,,,,,,,
,00:22:25,91,,,,,,,,,
,00:22:26,90,,,,,,,,,
,00:22:27,89,,,,,,,,,
,00:22:28,89,,,,,,,,,
,00:22:29,89,,,,,,,,,
,00:22:30,89,,,,,,,,,
,00:22:31,88,,,,,,,,,
,00:22:32,88,,,,,,,,,
,00:22:33,90,,,,,,,,,
,00:22:34,90,,,,,,,,,
,00:22:35,97,,,,,,,,,
,00:22:36,97,,,,,,,,,
,00:22:37,95,,,,,,,,,
,00:22:38,95,,,,,,,,,
,00:22:39,94,,,,,,,,,
,00:22:40,94,,,,,,,,,
,00:22:41,97,,,,,,,,,
,00:22:42,97,,,,,,,,,
,00:22:43,101,,,,,,,,,
,00:22:44,101,,,,,,,,,
,00:22:45,98,,,,,,,,,
,00:22:46,98,,,,,,,,,
,00:22:47,96,,,,,,,,,
,00:22:48,96,,,,,,,,,
,00:22:49,98,,,,,,,,,
,00:22:50,98,,,,,,,,,
,00:22:51,104,,,,,,,,,
,00:22:52,104,,,,,,,,,
,00:22:53,106,,,,,,,,,
,00:22:54,106,,,,,,,,,
,00:22:55,100,,,,,,,,,
,00:22:56,100,,,,,,,,,
,00:22:57,93,,,,,,,,,
,00:22:58,92,,,,,,,,,
,00:22:59,93,,,,,,,,,
,00:23:00,95,,,,,,,,,
,00:23:01,97,,,,,,,,,
,00:23:02,99,,,,,,,,,
,00:23:03,103,,,,,,,,,
,00:23:04,108,,,,,,,,,
,00:23:05,110,,,,,,,,,
,00:23:06,111,,,,,,,,,
,00:23:07,111,,,,,,,,,
,00:23:08,111,,,,,,,,,
,00:23:09,111,,,,,,,,,
,00:23:10,110,,,,,,,,,
,00:23:11,111,,,,,,,,,
,00:23:12,113,,,,,,,,,
,00:23:13,114,,,,,,,,,
,00:23:14,116,,,,,,,,,
,00:23:15,117,,,,,,,,,
,00:23:16,116,,,,,,,,,
,00:23:17,116,,,,,,,,,
,00:23:18,116,,,,,,,,,
,00:23:19,114,,,,,,,,,
,00:23:20,112,,,,,,,,,
,00:23:21,113,,,,,,,,,
,00:23:22,113,,,,,,,,,
,00:23:23,113,,,,,,,,,
,00:23:24,115,,,,,,,,,
,00:23:25,115,,,,,,,,,
,00:23:26,115,,,,,,,,,
,00:23:27,115,,,,,,,,,
,00:23:28,115,,,,,,,,,
,00:23:29,115,,,,,,,,,
,00:23:30,114,,,,,,,,,
,00:23:31,114,,,,,,,,,
,00:23:32,113,,,,,,,,,
,00:23:33,116,,,,,,,,,
,00:23:34,117,,,,,,,,,
,00:23:35,117,,,,,,,,,
,00:23:36,117,,,,,,,,,
,00:23:37,117,,,,,,,,,
,00:23:38,117,,,,,,,,,
,00:23:39,117,,,,,,,,,
,00:23:40,115,,,,,,,,,
,00:23:41,113,,,,,,,,,
,00:23:42,114,,,,,,,,,
,00:23:43,115,,,,,,,,,
,00:23:44,115,,,,,,,,,
,00:23:45,115,,,,,,,,,
,00:23:46,115,,,,,,,,,
,00:23:47,115,,,,,,,,,
,00:23:48,114,,,,,,,,,
,00:23:49,117,,,,,,,,,
,00:23:50,118,,,,,,,,,
,00:23:51,117,,,,,,,,,
,00:23:52,116,,,,,,,,,
,00:23:53,117,,,,,,,,,
,00:23:54,119,,,,,,,,,
,00:23:55,119,,,,,,,,,
,00:23:56,117,,,,,,,,,
,00:23:57,113,,,,,,,,,
,00:23:58,111,,,,,,,,,
,00:23:59,110,,,,,,,,,
,00:24:00,111,,,,,,,,,
,00:24:01,110,,,,,,,,,
,00:24:02,110,,,,,,,,,
,00:24:03,112,,,,,,,,,
,00:24:04,112,,,,,,,,,
,00:24:05,122,,,,,,,,,
,00:24:06,122,,,,,,,,,
,00:24:07,115,,,,,,,,,
,00:24:08,115,,,,,,,,,
,00:24:09,118,,,,,,,,,
,00:24:10,118,,,,,,,,,
,00:24:11,114,,,,,,,,,
,00:24:12,114,,,,,,,,,
,00:24:13,117,,,,,,,,,
,00:24:14,117,,,,,,,,,
,00:24:15,116,,,,,,,,,
,00:24:16,116,,,,,,,,,
,00:24:17,113,,,,,,,,,
,00:24:18,113,,,,,,,,,
,00:24:19,97,,,,,,,,,
,00:24:20,97,,,,,,,,,
,00:24:21,89,,,,,,,,,
,00:24:22,89,,,,,,,,,
,00:24:23,89,,,,,,,,,
,00:24:24,96,,,,,,,,,
,00:24:25,96,,,,,,,,,
,00:24:26,104,,,,,,,,,
,00:24:27,104,,,,,,,,,
,00:24:28,106,,,,,,,,,
,00:24:29,106,,,,,,,,,
,00:24:30,109,,,,,,,,,
,00:24:31,109,,,,,,,,,
,00:24:32,106,,,,,,,,,
,00:24:33,106,,,,,,,,,
,00:24:34,101,,,,,,,,,
,00:24:35,101,,,,,,,,,
,00:24:36,93,,,,,,,,,
,00:24:37,93,,,,,,,,,
,00:24:38,96,,,,,,,,,
,00:24:39,96,,,,,,,,,
,00:24:40,97,,,,,,,,,
,00:24:41,97,,,,,,,,,
,00:24:42,92,,,,,,,,,
,00:24:43,92,,,,,,,,,
,00:24:44,87,,,,,,,,,
,00:24:45,87,,,,,,,,,
,00:24:46,86,,,,,,,,,
,00:24:47,88,,,,,,,,,
,00:24:48,91,,,,,,,,,
,00:24:49,93,,,,,,,,,
,00:24:50,89,,,,,,,,,
,00:24:51,88,,,,,,,,,
,00:24:52,88,,,,,,,,,
,00:24:53,81,,,,,,,,,
,00:24:54,82,,,,,,,,,
,00:24:55,79,,,,,,,,,
,00:24:56,79,,,,,,,,,
